{
    "rmse": 52763894.09121524,
    "mae": 5622.155058912763,
    "r2-score": 0.6601331758106659
}